{"cameraMode":{"drawMode":0,"name":"Shaded","section":"Shading Mode"},"sceneLighting":false,"audioPlay":false,"sceneViewState":{"m_AlwaysRefresh":false,"showFog":false,"showSkybox":false,"showFlares":false,"showImageEffects":false,"showParticleSystems":false,"showVisualEffectGraphs":true,"m_FxEnabled":true},"in2DMode":false,"pivot":{"x":-0.06552784889936447,"y":0.6276532411575317,"z":-0.3584263324737549},"rotation":{"x":0.0010428901296108962,"y":0.9850285649299622,"z":-0.17041221261024476,"w":0.004700117278844118},"size":1.388996958732605,"orthographic":false}