{"cameraMode":{"drawMode":0,"name":"Shaded","section":"Shading Mode"},"sceneLighting":true,"audioPlay":false,"sceneViewState":{"m_AlwaysRefresh":false,"showFog":true,"showSkybox":true,"showFlares":true,"showImageEffects":true,"showParticleSystems":true,"showVisualEffectGraphs":true,"m_FxEnabled":true},"in2DMode":false,"pivot":{"x":1065.987548828125,"y":911.4033813476563,"z":617.2164306640625},"rotation":{"x":-0.00030615567811764777,"y":0.0006098323501646519,"z":-0.0005648044170811772,"w":-0.9996375441551209},"size":662.0211181640625,"orthographic":false}