{"cameraMode":{"drawMode":0,"name":"Shaded","section":"Shading Mode"},"sceneLighting":false,"audioPlay":false,"sceneViewState":{"m_AlwaysRefresh":false,"showFog":false,"showSkybox":false,"showFlares":false,"showImageEffects":false,"showParticleSystems":false,"showVisualEffectGraphs":true,"m_FxEnabled":true},"in2DMode":false,"pivot":{"x":0.29243379831314089,"y":2.2346861362457277,"z":-1.1913847923278809},"rotation":{"x":0.009485826827585698,"y":0.986869752407074,"z":-0.1464211493730545,"w":0.06253264844417572},"size":2.978893518447876,"orthographic":false}