{"cameraMode":{"drawMode":0,"name":"Shaded","section":"Shading Mode"},"sceneLighting":false,"audioPlay":false,"sceneViewState":{"m_AlwaysRefresh":false,"showFog":true,"showSkybox":false,"showFlares":true,"showImageEffects":true,"showParticleSystems":true,"showVisualEffectGraphs":true,"m_FxEnabled":true},"in2DMode":false,"pivot":{"x":1.0864835977554322,"y":1.3048609495162964,"z":1.5656453371047974},"rotation":{"x":-0.2590273320674896,"y":0.06698406487703324,"z":-0.018658271059393884,"w":-0.9629848003387451},"size":4.300970554351807,"orthographic":false}