{"cameraMode":{"drawMode":0,"name":"Shaded","section":"Shading Mode"},"sceneLighting":false,"audioPlay":false,"sceneViewState":{"m_AlwaysRefresh":false,"showFog":false,"showSkybox":false,"showFlares":false,"showImageEffects":false,"showParticleSystems":false,"showVisualEffectGraphs":true,"m_FxEnabled":true},"in2DMode":false,"pivot":{"x":-0.34834760427474978,"y":0.844825029373169,"z":-0.9880648851394653},"rotation":{"x":0.0005094120278954506,"y":0.9974679350852966,"z":-0.06623587012290955,"w":0.004785345867276192},"size":1.388996958732605,"orthographic":false}